tipo;id;url;pagina_origem;painel
programa;377;https://www.escolavirtual.gov.br/programa/377;1;Não
programa;374;https://www.escolavirtual.gov.br/programa/374;1;Não
programa;375;https://www.escolavirtual.gov.br/programa/375;1;Não
programa;373;https://www.escolavirtual.gov.br/programa/373;1;Não
programa;376;https://www.escolavirtual.gov.br/programa/376;1;Não
programa;372;https://www.escolavirtual.gov.br/programa/372;1;Não
programa;370;https://www.escolavirtual.gov.br/programa/370;1;Não
programa;371;https://www.escolavirtual.gov.br/programa/371;1;Não
programa;369;https://www.escolavirtual.gov.br/programa/369;1;Não
programa;368;https://www.escolavirtual.gov.br/programa/368;1;Não
programa;367;https://www.escolavirtual.gov.br/programa/367;1;Não
programa;366;https://www.escolavirtual.gov.br/programa/366;1;Não
programa;365;https://www.escolavirtual.gov.br/programa/365;1;Não
programa;364;https://www.escolavirtual.gov.br/programa/364;1;Não
programa;363;https://www.escolavirtual.gov.br/programa/363;1;Não
programa;361;https://www.escolavirtual.gov.br/programa/361;1;Não
programa;362;https://www.escolavirtual.gov.br/programa/362;1;Não
programa;359;https://www.escolavirtual.gov.br/programa/359;1;Não
programa;355;https://www.escolavirtual.gov.br/programa/355;1;Não
programa;360;https://www.escolavirtual.gov.br/programa/360;1;Não
programa;354;https://www.escolavirtual.gov.br/programa/354;1;Não
programa;352;https://www.escolavirtual.gov.br/programa/352;1;Não
programa;351;https://www.escolavirtual.gov.br/programa/351;1;Não
programa;345;https://www.escolavirtual.gov.br/programa/345;1;Não
programa;346;https://www.escolavirtual.gov.br/programa/346;1;Não
programa;350;https://www.escolavirtual.gov.br/programa/350;1;Não
programa;347;https://www.escolavirtual.gov.br/programa/347;1;Não
programa;348;https://www.escolavirtual.gov.br/programa/348;1;Não
programa;344;https://www.escolavirtual.gov.br/programa/344;1;Não
programa;329;https://www.escolavirtual.gov.br/programa/329;1;Não
programa;343;https://www.escolavirtual.gov.br/programa/343;1;Não
programa;319;https://www.escolavirtual.gov.br/programa/319;1;Não
programa;316;https://www.escolavirtual.gov.br/programa/316;1;Não
programa;309;https://www.escolavirtual.gov.br/programa/309;1;Não
programa;315;https://www.escolavirtual.gov.br/programa/315;1;Não
programa;276;https://www.escolavirtual.gov.br/programa/276;1;Não
programa;313;https://www.escolavirtual.gov.br/programa/313;2;Não
programa;311;https://www.escolavirtual.gov.br/programa/311;2;Não
programa;310;https://www.escolavirtual.gov.br/programa/310;2;Não
programa;308;https://www.escolavirtual.gov.br/programa/308;2;Não
programa;247;https://www.escolavirtual.gov.br/programa/247;2;Não
programa;271;https://www.escolavirtual.gov.br/programa/271;2;Não
programa;270;https://www.escolavirtual.gov.br/programa/270;2;Não
programa;272;https://www.escolavirtual.gov.br/programa/272;2;Não
programa;269;https://www.escolavirtual.gov.br/programa/269;2;Não
programa;267;https://www.escolavirtual.gov.br/programa/267;2;Não
programa;268;https://www.escolavirtual.gov.br/programa/268;2;Não
programa;265;https://www.escolavirtual.gov.br/programa/265;2;Não
programa;266;https://www.escolavirtual.gov.br/programa/266;2;Não
programa;264;https://www.escolavirtual.gov.br/programa/264;2;Não
programa;263;https://www.escolavirtual.gov.br/programa/263;2;Não
programa;262;https://www.escolavirtual.gov.br/programa/262;2;Não
programa;261;https://www.escolavirtual.gov.br/programa/261;2;Não
programa;249;https://www.escolavirtual.gov.br/programa/249;2;Não
programa;248;https://www.escolavirtual.gov.br/programa/248;2;Não
programa;246;https://www.escolavirtual.gov.br/programa/246;2;Não
programa;245;https://www.escolavirtual.gov.br/programa/245;2;Não
programa;239;https://www.escolavirtual.gov.br/programa/239;2;Não
programa;244;https://www.escolavirtual.gov.br/programa/244;2;Não
programa;220;https://www.escolavirtual.gov.br/programa/220;2;Não
programa;219;https://www.escolavirtual.gov.br/programa/219;2;Não
programa;217;https://www.escolavirtual.gov.br/programa/217;2;Não
programa;216;https://www.escolavirtual.gov.br/programa/216;2;Não
programa;218;https://www.escolavirtual.gov.br/programa/218;2;Não
programa;215;https://www.escolavirtual.gov.br/programa/215;2;Não
programa;186;https://www.escolavirtual.gov.br/programa/186;2;Não
programa;183;https://www.escolavirtual.gov.br/programa/183;2;Não
programa;182;https://www.escolavirtual.gov.br/programa/182;2;Não
programa;181;https://www.escolavirtual.gov.br/programa/181;2;Não
programa;172;https://www.escolavirtual.gov.br/programa/172;2;Não
programa;191;https://www.escolavirtual.gov.br/programa/191;2;Não
programa;156;https://www.escolavirtual.gov.br/programa/156;2;Não
programa;153;https://www.escolavirtual.gov.br/programa/153;3;Não
programa;149;https://www.escolavirtual.gov.br/programa/149;3;Não
programa;137;https://www.escolavirtual.gov.br/programa/137;3;Não
programa;132;https://www.escolavirtual.gov.br/programa/132;3;Não
programa;130;https://www.escolavirtual.gov.br/programa/130;3;Não
programa;240;https://www.escolavirtual.gov.br/programa/240;3;Não
programa;133;https://www.escolavirtual.gov.br/programa/133;3;Não
programa;122;https://www.escolavirtual.gov.br/programa/122;3;Não
programa;111;https://www.escolavirtual.gov.br/programa/111;3;Não
programa;112;https://www.escolavirtual.gov.br/programa/112;3;Não
programa;314;https://www.escolavirtual.gov.br/programa/314;3;Não
programa;109;https://www.escolavirtual.gov.br/programa/109;3;Não
programa;128;https://www.escolavirtual.gov.br/programa/128;3;Não
programa;107;https://www.escolavirtual.gov.br/programa/107;3;Não
programa;106;https://www.escolavirtual.gov.br/programa/106;3;Não
programa;104;https://www.escolavirtual.gov.br/programa/104;3;Não
programa;105;https://www.escolavirtual.gov.br/programa/105;3;Não
programa;102;https://www.escolavirtual.gov.br/programa/102;3;Não
programa;103;https://www.escolavirtual.gov.br/programa/103;3;Não
programa;100;https://www.escolavirtual.gov.br/programa/100;3;Não
programa;99;https://www.escolavirtual.gov.br/programa/99;3;Não
programa;190;https://www.escolavirtual.gov.br/programa/190;3;Não
programa;94;https://www.escolavirtual.gov.br/programa/94;3;Não
programa;92;https://www.escolavirtual.gov.br/programa/92;3;Não
programa;95;https://www.escolavirtual.gov.br/programa/95;3;Não
programa;90;https://www.escolavirtual.gov.br/programa/90;3;Não
programa;91;https://www.escolavirtual.gov.br/programa/91;3;Não
programa;93;https://www.escolavirtual.gov.br/programa/93;3;Não
programa;131;https://www.escolavirtual.gov.br/programa/131;3;Não
programa;312;https://www.escolavirtual.gov.br/programa/312;3;Não
programa;81;https://www.escolavirtual.gov.br/programa/81;3;Não
programa;80;https://www.escolavirtual.gov.br/programa/80;3;Não
programa;79;https://www.escolavirtual.gov.br/programa/79;3;Não
programa;77;https://www.escolavirtual.gov.br/programa/77;3;Não
programa;189;https://www.escolavirtual.gov.br/programa/189;3;Não
programa;25;https://www.escolavirtual.gov.br/programa/25;3;Não
programa;123;https://www.escolavirtual.gov.br/programa/123;4;Não
programa;136;https://www.escolavirtual.gov.br/programa/136;4;Não
programa;135;https://www.escolavirtual.gov.br/programa/135;4;Não
programa;24;https://www.escolavirtual.gov.br/programa/24;4;Não
programa;26;https://www.escolavirtual.gov.br/programa/26;4;Não
programa;35;https://www.escolavirtual.gov.br/programa/35;4;Não
programa;31;https://www.escolavirtual.gov.br/programa/31;4;Não
programa;37;https://www.escolavirtual.gov.br/programa/37;4;Não
programa;28;https://www.escolavirtual.gov.br/programa/28;4;Não
programa;34;https://www.escolavirtual.gov.br/programa/34;4;Não
programa;39;https://www.escolavirtual.gov.br/programa/39;4;Não
programa;124;https://www.escolavirtual.gov.br/programa/124;4;Não
programa;23;https://www.escolavirtual.gov.br/programa/23;4;Não
programa;127;https://www.escolavirtual.gov.br/programa/127;4;Não
programa;117;https://www.escolavirtual.gov.br/programa/117;4;Não
programa;154;https://www.escolavirtual.gov.br/programa/154;4;Não
programa;187;https://www.escolavirtual.gov.br/programa/187;4;Não
programa;118;https://www.escolavirtual.gov.br/programa/118;4;Não
programa;11;https://www.escolavirtual.gov.br/programa/11;4;Não
curso;1591;https://www.escolavirtual.gov.br/curso/1591;1;Não
curso;1197;https://www.escolavirtual.gov.br/curso/1197;1;Não
curso;1588;https://www.escolavirtual.gov.br/curso/1588;1;Não
curso;1518;https://www.escolavirtual.gov.br/curso/1518;1;Não
curso;1554;https://www.escolavirtual.gov.br/curso/1554;1;Não
curso;1205;https://www.escolavirtual.gov.br/curso/1205;1;Não
curso;1560;https://www.escolavirtual.gov.br/curso/1560;1;Não
curso;1559;https://www.escolavirtual.gov.br/curso/1559;1;Não
curso;1546;https://www.escolavirtual.gov.br/curso/1546;1;Não
curso;1557;https://www.escolavirtual.gov.br/curso/1557;1;Não
curso;1558;https://www.escolavirtual.gov.br/curso/1558;1;Não
curso;1548;https://www.escolavirtual.gov.br/curso/1548;1;Não
curso;1552;https://www.escolavirtual.gov.br/curso/1552;2;Não
curso;1547;https://www.escolavirtual.gov.br/curso/1547;2;Não
curso;1553;https://www.escolavirtual.gov.br/curso/1553;2;Não
curso;1544;https://www.escolavirtual.gov.br/curso/1544;2;Não
curso;1550;https://www.escolavirtual.gov.br/curso/1550;2;Não
curso;1549;https://www.escolavirtual.gov.br/curso/1549;2;Não
curso;1366;https://www.escolavirtual.gov.br/curso/1366;2;Não
curso;1545;https://www.escolavirtual.gov.br/curso/1545;2;Não
curso;1208;https://www.escolavirtual.gov.br/curso/1208;2;Não
curso;1531;https://www.escolavirtual.gov.br/curso/1531;2;Não
curso;1539;https://www.escolavirtual.gov.br/curso/1539;2;Não
curso;1537;https://www.escolavirtual.gov.br/curso/1537;2;Não
curso;1533;https://www.escolavirtual.gov.br/curso/1533;3;Não
curso;1512;https://www.escolavirtual.gov.br/curso/1512;3;Não
curso;1508;https://www.escolavirtual.gov.br/curso/1508;3;Não
curso;1500;https://www.escolavirtual.gov.br/curso/1500;3;Não
curso;1511;https://www.escolavirtual.gov.br/curso/1511;3;Não
curso;663;https://www.escolavirtual.gov.br/curso/663;3;Não
curso;1199;https://www.escolavirtual.gov.br/curso/1199;3;Não
curso;1496;https://www.escolavirtual.gov.br/curso/1496;3;Não
curso;1510;https://www.escolavirtual.gov.br/curso/1510;3;Não
curso;1509;https://www.escolavirtual.gov.br/curso/1509;3;Não
curso;1502;https://www.escolavirtual.gov.br/curso/1502;3;Não
curso;1505;https://www.escolavirtual.gov.br/curso/1505;3;Não
curso;1206;https://www.escolavirtual.gov.br/curso/1206;4;Não
curso;1364;https://www.escolavirtual.gov.br/curso/1364;4;Não
curso;1495;https://www.escolavirtual.gov.br/curso/1495;4;Não
curso;1498;https://www.escolavirtual.gov.br/curso/1498;4;Não
curso;1497;https://www.escolavirtual.gov.br/curso/1497;4;Não
curso;1499;https://www.escolavirtual.gov.br/curso/1499;4;Não
curso;1501;https://www.escolavirtual.gov.br/curso/1501;4;Não
curso;1494;https://www.escolavirtual.gov.br/curso/1494;4;Não
curso;1369;https://www.escolavirtual.gov.br/curso/1369;4;Não
curso;1209;https://www.escolavirtual.gov.br/curso/1209;4;Não
curso;1489;https://www.escolavirtual.gov.br/curso/1489;4;Não
curso;1487;https://www.escolavirtual.gov.br/curso/1487;4;Não
curso;1262;https://www.escolavirtual.gov.br/curso/1262;5;Não
curso;1200;https://www.escolavirtual.gov.br/curso/1200;5;Não
curso;1488;https://www.escolavirtual.gov.br/curso/1488;5;Não
curso;1484;https://www.escolavirtual.gov.br/curso/1484;5;Não
curso;1485;https://www.escolavirtual.gov.br/curso/1485;5;Não
curso;1472;https://www.escolavirtual.gov.br/curso/1472;5;Não
curso;1459;https://www.escolavirtual.gov.br/curso/1459;5;Não
curso;1470;https://www.escolavirtual.gov.br/curso/1470;5;Não
curso;1471;https://www.escolavirtual.gov.br/curso/1471;5;Não
curso;1462;https://www.escolavirtual.gov.br/curso/1462;5;Não
curso;1463;https://www.escolavirtual.gov.br/curso/1463;5;Não
curso;1461;https://www.escolavirtual.gov.br/curso/1461;5;Não
curso;838;https://www.escolavirtual.gov.br/curso/838;6;Não
curso;1448;https://www.escolavirtual.gov.br/curso/1448;6;Não
curso;556;https://www.escolavirtual.gov.br/curso/556;6;Não
curso;1246;https://www.escolavirtual.gov.br/curso/1246;6;Não
curso;667;https://www.escolavirtual.gov.br/curso/667;6;Não
curso;635;https://www.escolavirtual.gov.br/curso/635;6;Não
curso;1450;https://www.escolavirtual.gov.br/curso/1450;6;Não
curso;1425;https://www.escolavirtual.gov.br/curso/1425;6;Não
curso;1203;https://www.escolavirtual.gov.br/curso/1203;6;Não
curso;1409;https://www.escolavirtual.gov.br/curso/1409;6;Não
curso;1408;https://www.escolavirtual.gov.br/curso/1408;6;Não
curso;1460;https://www.escolavirtual.gov.br/curso/1460;6;Não
curso;1245;https://www.escolavirtual.gov.br/curso/1245;7;Não
curso;1421;https://www.escolavirtual.gov.br/curso/1421;7;Não
curso;1444;https://www.escolavirtual.gov.br/curso/1444;7;Não
curso;1445;https://www.escolavirtual.gov.br/curso/1445;7;Não
curso;1244;https://www.escolavirtual.gov.br/curso/1244;7;Não
curso;1452;https://www.escolavirtual.gov.br/curso/1452;7;Não
curso;1449;https://www.escolavirtual.gov.br/curso/1449;7;Não
curso;1447;https://www.escolavirtual.gov.br/curso/1447;7;Não
curso;1451;https://www.escolavirtual.gov.br/curso/1451;7;Não
curso;846;https://www.escolavirtual.gov.br/curso/846;7;Não
curso;1446;https://www.escolavirtual.gov.br/curso/1446;7;Não
curso;1443;https://www.escolavirtual.gov.br/curso/1443;7;Não
curso;632;https://www.escolavirtual.gov.br/curso/632;8;Não
curso;964;https://www.escolavirtual.gov.br/curso/964;8;Não
curso;1367;https://www.escolavirtual.gov.br/curso/1367;8;Não
curso;1202;https://www.escolavirtual.gov.br/curso/1202;8;Não
curso;1442;https://www.escolavirtual.gov.br/curso/1442;8;Não
curso;1439;https://www.escolavirtual.gov.br/curso/1439;8;Não
curso;1432;https://www.escolavirtual.gov.br/curso/1432;8;Não
curso;1437;https://www.escolavirtual.gov.br/curso/1437;8;Não
curso;1207;https://www.escolavirtual.gov.br/curso/1207;8;Não
curso;1440;https://www.escolavirtual.gov.br/curso/1440;8;Não
curso;1420;https://www.escolavirtual.gov.br/curso/1420;8;Não
curso;653;https://www.escolavirtual.gov.br/curso/653;8;Não
curso;1404;https://www.escolavirtual.gov.br/curso/1404;9;Não
curso;947;https://www.escolavirtual.gov.br/curso/947;9;Não
curso;1430;https://www.escolavirtual.gov.br/curso/1430;9;Não
curso;1405;https://www.escolavirtual.gov.br/curso/1405;9;Não
curso;1034;https://www.escolavirtual.gov.br/curso/1034;9;Não
curso;682;https://www.escolavirtual.gov.br/curso/682;9;Não
curso;1422;https://www.escolavirtual.gov.br/curso/1422;9;Não
curso;1371;https://www.escolavirtual.gov.br/curso/1371;9;Não
curso;1196;https://www.escolavirtual.gov.br/curso/1196;9;Não
curso;1419;https://www.escolavirtual.gov.br/curso/1419;9;Não
curso;1039;https://www.escolavirtual.gov.br/curso/1039;9;Não
curso;1416;https://www.escolavirtual.gov.br/curso/1416;9;Não
curso;1414;https://www.escolavirtual.gov.br/curso/1414;10;Não
curso;1417;https://www.escolavirtual.gov.br/curso/1417;10;Não
curso;1400;https://www.escolavirtual.gov.br/curso/1400;10;Não
curso;1415;https://www.escolavirtual.gov.br/curso/1415;10;Não
curso;1413;https://www.escolavirtual.gov.br/curso/1413;10;Não
curso;1412;https://www.escolavirtual.gov.br/curso/1412;10;Não
curso;1410;https://www.escolavirtual.gov.br/curso/1410;10;Não
curso;1411;https://www.escolavirtual.gov.br/curso/1411;10;Não
curso;1042;https://www.escolavirtual.gov.br/curso/1042;10;Não
curso;1399;https://www.escolavirtual.gov.br/curso/1399;10;Não
curso;1407;https://www.escolavirtual.gov.br/curso/1407;10;Não
curso;1204;https://www.escolavirtual.gov.br/curso/1204;10;Não
curso;1398;https://www.escolavirtual.gov.br/curso/1398;11;Não
curso;1401;https://www.escolavirtual.gov.br/curso/1401;11;Não
curso;1402;https://www.escolavirtual.gov.br/curso/1402;11;Não
curso;1201;https://www.escolavirtual.gov.br/curso/1201;11;Não
curso;1395;https://www.escolavirtual.gov.br/curso/1395;11;Sim
curso;1182;https://www.escolavirtual.gov.br/curso/1182;11;Não
curso;1054;https://www.escolavirtual.gov.br/curso/1054;11;Não
curso;1384;https://www.escolavirtual.gov.br/curso/1384;11;Não
curso;1394;https://www.escolavirtual.gov.br/curso/1394;11;Não
curso;1382;https://www.escolavirtual.gov.br/curso/1382;11;Não
curso;1036;https://www.escolavirtual.gov.br/curso/1036;11;Não
curso;1380;https://www.escolavirtual.gov.br/curso/1380;11;Não
curso;1393;https://www.escolavirtual.gov.br/curso/1393;12;Não
curso;1392;https://www.escolavirtual.gov.br/curso/1392;12;Não
curso;1386;https://www.escolavirtual.gov.br/curso/1386;12;Não
curso;1383;https://www.escolavirtual.gov.br/curso/1383;12;Não
curso;1381;https://www.escolavirtual.gov.br/curso/1381;12;Não
curso;1192;https://www.escolavirtual.gov.br/curso/1192;12;Não
curso;1378;https://www.escolavirtual.gov.br/curso/1378;12;Não
curso;617;https://www.escolavirtual.gov.br/curso/617;12;Não
curso;1043;https://www.escolavirtual.gov.br/curso/1043;12;Não
curso;1049;https://www.escolavirtual.gov.br/curso/1049;12;Não
curso;1379;https://www.escolavirtual.gov.br/curso/1379;12;Não
curso;1336;https://www.escolavirtual.gov.br/curso/1336;12;Não
curso;1373;https://www.escolavirtual.gov.br/curso/1373;13;Não
curso;1338;https://www.escolavirtual.gov.br/curso/1338;13;Não
curso;1351;https://www.escolavirtual.gov.br/curso/1351;13;Não
curso;1350;https://www.escolavirtual.gov.br/curso/1350;13;Não
curso;1374;https://www.escolavirtual.gov.br/curso/1374;13;Não
curso;1376;https://www.escolavirtual.gov.br/curso/1376;13;Não
curso;1375;https://www.escolavirtual.gov.br/curso/1375;13;Não
curso;1377;https://www.escolavirtual.gov.br/curso/1377;13;Não
curso;1337;https://www.escolavirtual.gov.br/curso/1337;13;Não
curso;1335;https://www.escolavirtual.gov.br/curso/1335;13;Não
curso;1360;https://www.escolavirtual.gov.br/curso/1360;13;Não
curso;1349;https://www.escolavirtual.gov.br/curso/1349;13;Não
curso;1334;https://www.escolavirtual.gov.br/curso/1334;14;Não
curso;1359;https://www.escolavirtual.gov.br/curso/1359;14;Não
curso;1355;https://www.escolavirtual.gov.br/curso/1355;14;Não
curso;1354;https://www.escolavirtual.gov.br/curso/1354;14;Não
curso;1357;https://www.escolavirtual.gov.br/curso/1357;14;Não
curso;1358;https://www.escolavirtual.gov.br/curso/1358;14;Não
curso;1356;https://www.escolavirtual.gov.br/curso/1356;14;Não
curso;646;https://www.escolavirtual.gov.br/curso/646;14;Não
curso;1348;https://www.escolavirtual.gov.br/curso/1348;14;Não
curso;1048;https://www.escolavirtual.gov.br/curso/1048;14;Não
curso;1194;https://www.escolavirtual.gov.br/curso/1194;14;Não
curso;1353;https://www.escolavirtual.gov.br/curso/1353;14;Não
curso;1346;https://www.escolavirtual.gov.br/curso/1346;15;Não
curso;1352;https://www.escolavirtual.gov.br/curso/1352;15;Não
curso;1341;https://www.escolavirtual.gov.br/curso/1341;15;Não
curso;634;https://www.escolavirtual.gov.br/curso/634;15;Não
curso;1342;https://www.escolavirtual.gov.br/curso/1342;15;Não
curso;648;https://www.escolavirtual.gov.br/curso/648;15;Não
curso;1343;https://www.escolavirtual.gov.br/curso/1343;15;Não
curso;1345;https://www.escolavirtual.gov.br/curso/1345;15;Não
curso;850;https://www.escolavirtual.gov.br/curso/850;15;Não
curso;1344;https://www.escolavirtual.gov.br/curso/1344;15;Não
curso;1347;https://www.escolavirtual.gov.br/curso/1347;15;Não
curso;651;https://www.escolavirtual.gov.br/curso/651;15;Não
curso;1333;https://www.escolavirtual.gov.br/curso/1333;16;Não
curso;1330;https://www.escolavirtual.gov.br/curso/1330;16;Não
curso;1339;https://www.escolavirtual.gov.br/curso/1339;16;Não
curso;1340;https://www.escolavirtual.gov.br/curso/1340;16;Não
curso;1046;https://www.escolavirtual.gov.br/curso/1046;16;Não
curso;645;https://www.escolavirtual.gov.br/curso/645;16;Não
curso;1159;https://www.escolavirtual.gov.br/curso/1159;16;Não
curso;1158;https://www.escolavirtual.gov.br/curso/1158;16;Não
curso;1157;https://www.escolavirtual.gov.br/curso/1157;16;Não
curso;1280;https://www.escolavirtual.gov.br/curso/1280;16;Não
curso;1332;https://www.escolavirtual.gov.br/curso/1332;16;Não
curso;1045;https://www.escolavirtual.gov.br/curso/1045;16;Não
curso;1329;https://www.escolavirtual.gov.br/curso/1329;17;Não
curso;1325;https://www.escolavirtual.gov.br/curso/1325;17;Não
curso;1231;https://www.escolavirtual.gov.br/curso/1231;17;Não
curso;1328;https://www.escolavirtual.gov.br/curso/1328;17;Sim
curso;1327;https://www.escolavirtual.gov.br/curso/1327;17;Não
curso;1038;https://www.escolavirtual.gov.br/curso/1038;17;Não
curso;1198;https://www.escolavirtual.gov.br/curso/1198;17;Não
curso;1044;https://www.escolavirtual.gov.br/curso/1044;17;Não
curso;660;https://www.escolavirtual.gov.br/curso/660;17;Não
curso;1305;https://www.escolavirtual.gov.br/curso/1305;17;Sim
curso;1304;https://www.escolavirtual.gov.br/curso/1304;17;Sim
curso;1326;https://www.escolavirtual.gov.br/curso/1326;17;Não
curso;1276;https://www.escolavirtual.gov.br/curso/1276;18;Não
curso;1191;https://www.escolavirtual.gov.br/curso/1191;18;Não
curso;1193;https://www.escolavirtual.gov.br/curso/1193;18;Não
curso;1314;https://www.escolavirtual.gov.br/curso/1314;18;Não
curso;1050;https://www.escolavirtual.gov.br/curso/1050;18;Não
curso;1275;https://www.escolavirtual.gov.br/curso/1275;18;Não
curso;1075;https://www.escolavirtual.gov.br/curso/1075;18;Não
curso;1274;https://www.escolavirtual.gov.br/curso/1274;18;Não
curso;1295;https://www.escolavirtual.gov.br/curso/1295;18;Não
curso;1040;https://www.escolavirtual.gov.br/curso/1040;18;Não
curso;1041;https://www.escolavirtual.gov.br/curso/1041;18;Não
curso;1296;https://www.escolavirtual.gov.br/curso/1296;18;Não
curso;1291;https://www.escolavirtual.gov.br/curso/1291;19;Não
curso;1271;https://www.escolavirtual.gov.br/curso/1271;19;Não
curso;1290;https://www.escolavirtual.gov.br/curso/1290;19;Não
curso;1289;https://www.escolavirtual.gov.br/curso/1289;19;Não
curso;847;https://www.escolavirtual.gov.br/curso/847;19;Não
curso;1287;https://www.escolavirtual.gov.br/curso/1287;19;Não
curso;1288;https://www.escolavirtual.gov.br/curso/1288;19;Não
curso;1232;https://www.escolavirtual.gov.br/curso/1232;19;Não
curso;1256;https://www.escolavirtual.gov.br/curso/1256;19;Não
curso;1258;https://www.escolavirtual.gov.br/curso/1258;19;Não
curso;1257;https://www.escolavirtual.gov.br/curso/1257;19;Não
curso;1261;https://www.escolavirtual.gov.br/curso/1261;19;Não
curso;1260;https://www.escolavirtual.gov.br/curso/1260;20;Não
curso;1259;https://www.escolavirtual.gov.br/curso/1259;20;Não
curso;1263;https://www.escolavirtual.gov.br/curso/1263;20;Sim
curso;810;https://www.escolavirtual.gov.br/curso/810;20;Sim
curso;1195;https://www.escolavirtual.gov.br/curso/1195;20;Não
curso;1247;https://www.escolavirtual.gov.br/curso/1247;20;Não
curso;1248;https://www.escolavirtual.gov.br/curso/1248;20;Não
curso;1014;https://www.escolavirtual.gov.br/curso/1014;20;Não
curso;1233;https://www.escolavirtual.gov.br/curso/1233;20;Não
curso;1214;https://www.escolavirtual.gov.br/curso/1214;20;Não
curso;884;https://www.escolavirtual.gov.br/curso/884;20;Não
curso;851;https://www.escolavirtual.gov.br/curso/851;20;Não
curso;1219;https://www.escolavirtual.gov.br/curso/1219;21;Não
curso;1221;https://www.escolavirtual.gov.br/curso/1221;21;Não
curso;1185;https://www.escolavirtual.gov.br/curso/1185;21;Não
curso;1218;https://www.escolavirtual.gov.br/curso/1218;21;Não
curso;1213;https://www.escolavirtual.gov.br/curso/1213;21;Não
curso;1188;https://www.escolavirtual.gov.br/curso/1188;21;Não
curso;1179;https://www.escolavirtual.gov.br/curso/1179;21;Não
curso;1140;https://www.escolavirtual.gov.br/curso/1140;21;Não
curso;1172;https://www.escolavirtual.gov.br/curso/1172;21;Não
curso;1177;https://www.escolavirtual.gov.br/curso/1177;21;Não
curso;662;https://www.escolavirtual.gov.br/curso/662;21;Não
curso;1187;https://www.escolavirtual.gov.br/curso/1187;21;Não
curso;1211;https://www.escolavirtual.gov.br/curso/1211;22;Não
curso;849;https://www.escolavirtual.gov.br/curso/849;22;Não
curso;1168;https://www.escolavirtual.gov.br/curso/1168;22;Não
curso;194;https://www.escolavirtual.gov.br/curso/194;22;Não
curso;1173;https://www.escolavirtual.gov.br/curso/1173;22;Não
curso;1189;https://www.escolavirtual.gov.br/curso/1189;22;Não
curso;1174;https://www.escolavirtual.gov.br/curso/1174;22;Não
curso;1184;https://www.escolavirtual.gov.br/curso/1184;22;Não
curso;1181;https://www.escolavirtual.gov.br/curso/1181;22;Não
curso;1186;https://www.escolavirtual.gov.br/curso/1186;22;Não
curso;1180;https://www.escolavirtual.gov.br/curso/1180;22;Não
curso;848;https://www.escolavirtual.gov.br/curso/848;22;Não
curso;1166;https://www.escolavirtual.gov.br/curso/1166;23;Não
curso;1165;https://www.escolavirtual.gov.br/curso/1165;23;Não
curso;1134;https://www.escolavirtual.gov.br/curso/1134;23;Não
curso;976;https://www.escolavirtual.gov.br/curso/976;23;Sim
curso;1167;https://www.escolavirtual.gov.br/curso/1167;23;Sim
curso;1069;https://www.escolavirtual.gov.br/curso/1069;23;Não
curso;1155;https://www.escolavirtual.gov.br/curso/1155;23;Não
curso;1132;https://www.escolavirtual.gov.br/curso/1132;23;Não
curso;1073;https://www.escolavirtual.gov.br/curso/1073;23;Sim
curso;1161;https://www.escolavirtual.gov.br/curso/1161;23;Não
curso;1153;https://www.escolavirtual.gov.br/curso/1153;23;Sim
curso;1154;https://www.escolavirtual.gov.br/curso/1154;23;Não
curso;963;https://www.escolavirtual.gov.br/curso/963;24;Não
curso;1163;https://www.escolavirtual.gov.br/curso/1163;24;Não
curso;1162;https://www.escolavirtual.gov.br/curso/1162;24;Não
curso;1156;https://www.escolavirtual.gov.br/curso/1156;24;Não
curso;1160;https://www.escolavirtual.gov.br/curso/1160;24;Não
curso;1052;https://www.escolavirtual.gov.br/curso/1052;24;Não
curso;1071;https://www.escolavirtual.gov.br/curso/1071;24;Não
curso;1076;https://www.escolavirtual.gov.br/curso/1076;24;Não
curso;1072;https://www.escolavirtual.gov.br/curso/1072;24;Não
curso;946;https://www.escolavirtual.gov.br/curso/946;24;Não
curso;1135;https://www.escolavirtual.gov.br/curso/1135;24;Não
curso;1138;https://www.escolavirtual.gov.br/curso/1138;24;Não
curso;1139;https://www.escolavirtual.gov.br/curso/1139;25;Sim
curso;1127;https://www.escolavirtual.gov.br/curso/1127;25;Não
curso;944;https://www.escolavirtual.gov.br/curso/944;25;Não
curso;1074;https://www.escolavirtual.gov.br/curso/1074;25;Não
curso;1131;https://www.escolavirtual.gov.br/curso/1131;25;Não
curso;1130;https://www.escolavirtual.gov.br/curso/1130;25;Não
curso;1056;https://www.escolavirtual.gov.br/curso/1056;25;Não
curso;1114;https://www.escolavirtual.gov.br/curso/1114;25;Não
curso;1120;https://www.escolavirtual.gov.br/curso/1120;25;Não
curso;1115;https://www.escolavirtual.gov.br/curso/1115;25;Não
curso;1081;https://www.escolavirtual.gov.br/curso/1081;25;Não
curso;1089;https://www.escolavirtual.gov.br/curso/1089;25;Não
curso;1060;https://www.escolavirtual.gov.br/curso/1060;26;Não
curso;1092;https://www.escolavirtual.gov.br/curso/1092;26;Não
curso;1093;https://www.escolavirtual.gov.br/curso/1093;26;Não
curso;1090;https://www.escolavirtual.gov.br/curso/1090;26;Sim
curso;1088;https://www.escolavirtual.gov.br/curso/1088;26;Sim
curso;1091;https://www.escolavirtual.gov.br/curso/1091;26;Sim
curso;853;https://www.escolavirtual.gov.br/curso/853;26;Não
curso;1058;https://www.escolavirtual.gov.br/curso/1058;26;Não
curso;1077;https://www.escolavirtual.gov.br/curso/1077;26;Não
curso;1079;https://www.escolavirtual.gov.br/curso/1079;26;Não
curso;1078;https://www.escolavirtual.gov.br/curso/1078;26;Não
curso;1080;https://www.escolavirtual.gov.br/curso/1080;26;Não
curso;659;https://www.escolavirtual.gov.br/curso/659;27;Não
curso;1070;https://www.escolavirtual.gov.br/curso/1070;27;Não
curso;1068;https://www.escolavirtual.gov.br/curso/1068;27;Não
curso;959;https://www.escolavirtual.gov.br/curso/959;27;Não
curso;658;https://www.escolavirtual.gov.br/curso/658;27;Não
curso;1031;https://www.escolavirtual.gov.br/curso/1031;27;Não
curso;1033;https://www.escolavirtual.gov.br/curso/1033;27;Não
curso;1057;https://www.escolavirtual.gov.br/curso/1057;27;Não
curso;1055;https://www.escolavirtual.gov.br/curso/1055;27;Não
curso;650;https://www.escolavirtual.gov.br/curso/650;27;Não
curso;1028;https://www.escolavirtual.gov.br/curso/1028;27;Não
curso;1026;https://www.escolavirtual.gov.br/curso/1026;27;Não
curso;1024;https://www.escolavirtual.gov.br/curso/1024;28;Não
curso;1029;https://www.escolavirtual.gov.br/curso/1029;28;Não
curso;1012;https://www.escolavirtual.gov.br/curso/1012;28;Não
curso;971;https://www.escolavirtual.gov.br/curso/971;28;Não
curso;1030;https://www.escolavirtual.gov.br/curso/1030;28;Não
curso;1023;https://www.escolavirtual.gov.br/curso/1023;28;Não
curso;852;https://www.escolavirtual.gov.br/curso/852;28;Não
curso;640;https://www.escolavirtual.gov.br/curso/640;28;Não
curso;1019;https://www.escolavirtual.gov.br/curso/1019;28;Não
curso;1016;https://www.escolavirtual.gov.br/curso/1016;28;Não
curso;1018;https://www.escolavirtual.gov.br/curso/1018;28;Não
curso;1017;https://www.escolavirtual.gov.br/curso/1017;28;Não
curso;798;https://www.escolavirtual.gov.br/curso/798;29;Não
curso;917;https://www.escolavirtual.gov.br/curso/917;29;Não
curso;1025;https://www.escolavirtual.gov.br/curso/1025;29;Não
curso;1013;https://www.escolavirtual.gov.br/curso/1013;29;Não
curso;1027;https://www.escolavirtual.gov.br/curso/1027;29;Não
curso;1020;https://www.escolavirtual.gov.br/curso/1020;29;Não
curso;973;https://www.escolavirtual.gov.br/curso/973;29;Não
curso;1021;https://www.escolavirtual.gov.br/curso/1021;29;Não
curso;972;https://www.escolavirtual.gov.br/curso/972;29;Não
curso;1022;https://www.escolavirtual.gov.br/curso/1022;29;Não
curso;1015;https://www.escolavirtual.gov.br/curso/1015;29;Não
curso;661;https://www.escolavirtual.gov.br/curso/661;29;Não
curso;655;https://www.escolavirtual.gov.br/curso/655;30;Não
curso;1009;https://www.escolavirtual.gov.br/curso/1009;30;Não
curso;649;https://www.escolavirtual.gov.br/curso/649;30;Não
curso;1011;https://www.escolavirtual.gov.br/curso/1011;30;Não
curso;975;https://www.escolavirtual.gov.br/curso/975;30;Não
curso;948;https://www.escolavirtual.gov.br/curso/948;30;Não
curso;945;https://www.escolavirtual.gov.br/curso/945;30;Não
curso;958;https://www.escolavirtual.gov.br/curso/958;30;Não
curso;686;https://www.escolavirtual.gov.br/curso/686;30;Não
curso;957;https://www.escolavirtual.gov.br/curso/957;30;Não
curso;800;https://www.escolavirtual.gov.br/curso/800;30;Não
curso;444;https://www.escolavirtual.gov.br/curso/444;30;Não
curso;951;https://www.escolavirtual.gov.br/curso/951;31;Não
curso;954;https://www.escolavirtual.gov.br/curso/954;31;Não
curso;953;https://www.escolavirtual.gov.br/curso/953;31;Não
curso;908;https://www.escolavirtual.gov.br/curso/908;31;Não
curso;956;https://www.escolavirtual.gov.br/curso/956;31;Sim
curso;952;https://www.escolavirtual.gov.br/curso/952;31;Não
curso;955;https://www.escolavirtual.gov.br/curso/955;31;Não
curso;527;https://www.escolavirtual.gov.br/curso/527;31;Não
curso;935;https://www.escolavirtual.gov.br/curso/935;31;Não
curso;941;https://www.escolavirtual.gov.br/curso/941;31;Não
curso;943;https://www.escolavirtual.gov.br/curso/943;31;Não
curso;934;https://www.escolavirtual.gov.br/curso/934;31;Não
curso;927;https://www.escolavirtual.gov.br/curso/927;32;Não
curso;940;https://www.escolavirtual.gov.br/curso/940;32;Não
curso;942;https://www.escolavirtual.gov.br/curso/942;32;Não
curso;950;https://www.escolavirtual.gov.br/curso/950;32;Não
curso;930;https://www.escolavirtual.gov.br/curso/930;32;Não
curso;922;https://www.escolavirtual.gov.br/curso/922;32;Não
curso;933;https://www.escolavirtual.gov.br/curso/933;32;Não
curso;523;https://www.escolavirtual.gov.br/curso/523;32;Não
curso;928;https://www.escolavirtual.gov.br/curso/928;32;Não
curso;939;https://www.escolavirtual.gov.br/curso/939;32;Não
curso;926;https://www.escolavirtual.gov.br/curso/926;32;Não
curso;925;https://www.escolavirtual.gov.br/curso/925;32;Não
curso;937;https://www.escolavirtual.gov.br/curso/937;33;Não
curso;936;https://www.escolavirtual.gov.br/curso/936;33;Não
curso;915;https://www.escolavirtual.gov.br/curso/915;33;Não
curso;920;https://www.escolavirtual.gov.br/curso/920;33;Não
curso;921;https://www.escolavirtual.gov.br/curso/921;33;Não
curso;881;https://www.escolavirtual.gov.br/curso/881;33;Não
curso;809;https://www.escolavirtual.gov.br/curso/809;33;Não
curso;932;https://www.escolavirtual.gov.br/curso/932;33;Não
curso;918;https://www.escolavirtual.gov.br/curso/918;33;Não
curso;931;https://www.escolavirtual.gov.br/curso/931;33;Não
curso;774;https://www.escolavirtual.gov.br/curso/774;33;Não
curso;929;https://www.escolavirtual.gov.br/curso/929;33;Não
curso;923;https://www.escolavirtual.gov.br/curso/923;34;Não
curso;907;https://www.escolavirtual.gov.br/curso/907;34;Não
curso;916;https://www.escolavirtual.gov.br/curso/916;34;Não
curso;924;https://www.escolavirtual.gov.br/curso/924;34;Não
curso;801;https://www.escolavirtual.gov.br/curso/801;34;Não
curso;903;https://www.escolavirtual.gov.br/curso/903;34;Não
curso;919;https://www.escolavirtual.gov.br/curso/919;34;Não
curso;902;https://www.escolavirtual.gov.br/curso/902;34;Não
curso;805;https://www.escolavirtual.gov.br/curso/805;34;Não
curso;894;https://www.escolavirtual.gov.br/curso/894;34;Não
curso;427;https://www.escolavirtual.gov.br/curso/427;34;Não
curso;901;https://www.escolavirtual.gov.br/curso/901;34;Não
curso;913;https://www.escolavirtual.gov.br/curso/913;35;Não
curso;912;https://www.escolavirtual.gov.br/curso/912;35;Não
curso;911;https://www.escolavirtual.gov.br/curso/911;35;Não
curso;889;https://www.escolavirtual.gov.br/curso/889;35;Não
curso;886;https://www.escolavirtual.gov.br/curso/886;35;Não
curso;900;https://www.escolavirtual.gov.br/curso/900;35;Não
curso;906;https://www.escolavirtual.gov.br/curso/906;35;Não
curso;909;https://www.escolavirtual.gov.br/curso/909;35;Não
curso;905;https://www.escolavirtual.gov.br/curso/905;35;Não
curso;904;https://www.escolavirtual.gov.br/curso/904;35;Não
curso;910;https://www.escolavirtual.gov.br/curso/910;35;Não
curso;443;https://www.escolavirtual.gov.br/curso/443;35;Não
curso;428;https://www.escolavirtual.gov.br/curso/428;36;Não
curso;896;https://www.escolavirtual.gov.br/curso/896;36;Não
curso;445;https://www.escolavirtual.gov.br/curso/445;36;Não
curso;888;https://www.escolavirtual.gov.br/curso/888;36;Não
curso;803;https://www.escolavirtual.gov.br/curso/803;36;Não
curso;806;https://www.escolavirtual.gov.br/curso/806;36;Não
curso;812;https://www.escolavirtual.gov.br/curso/812;36;Não
curso;802;https://www.escolavirtual.gov.br/curso/802;36;Sim
curso;815;https://www.escolavirtual.gov.br/curso/815;36;Sim
curso;665;https://www.escolavirtual.gov.br/curso/665;36;Não
curso;797;https://www.escolavirtual.gov.br/curso/797;36;Sim
curso;799;https://www.escolavirtual.gov.br/curso/799;36;Não
curso;529;https://www.escolavirtual.gov.br/curso/529;37;Sim
curso;796;https://www.escolavirtual.gov.br/curso/796;37;Não
curso;840;https://www.escolavirtual.gov.br/curso/840;37;Não
curso;808;https://www.escolavirtual.gov.br/curso/808;37;Não
curso;664;https://www.escolavirtual.gov.br/curso/664;37;Não
curso;811;https://www.escolavirtual.gov.br/curso/811;37;Não
curso;652;https://www.escolavirtual.gov.br/curso/652;37;Não
curso;873;https://www.escolavirtual.gov.br/curso/873;37;Não
curso;813;https://www.escolavirtual.gov.br/curso/813;37;Não
curso;498;https://www.escolavirtual.gov.br/curso/498;37;Não
curso;807;https://www.escolavirtual.gov.br/curso/807;37;Não
curso;887;https://www.escolavirtual.gov.br/curso/887;37;Não
curso;863;https://www.escolavirtual.gov.br/curso/863;38;Não
curso;844;https://www.escolavirtual.gov.br/curso/844;38;Não
curso;772;https://www.escolavirtual.gov.br/curso/772;38;Não
curso;439;https://www.escolavirtual.gov.br/curso/439;38;Não
curso;885;https://www.escolavirtual.gov.br/curso/885;38;Não
curso;773;https://www.escolavirtual.gov.br/curso/773;38;Não
curso;871;https://www.escolavirtual.gov.br/curso/871;38;Não
curso;823;https://www.escolavirtual.gov.br/curso/823;38;Não
curso;843;https://www.escolavirtual.gov.br/curso/843;38;Não
curso;831;https://www.escolavirtual.gov.br/curso/831;38;Não
curso;874;https://www.escolavirtual.gov.br/curso/874;38;Não
curso;771;https://www.escolavirtual.gov.br/curso/771;38;Não
curso;541;https://www.escolavirtual.gov.br/curso/541;39;Não
curso;540;https://www.escolavirtual.gov.br/curso/540;39;Não
curso;827;https://www.escolavirtual.gov.br/curso/827;39;Não
curso;826;https://www.escolavirtual.gov.br/curso/826;39;Não
curso;879;https://www.escolavirtual.gov.br/curso/879;39;Não
curso;878;https://www.escolavirtual.gov.br/curso/878;39;Não
curso;762;https://www.escolavirtual.gov.br/curso/762;39;Não
curso;469;https://www.escolavirtual.gov.br/curso/469;39;Não
curso;525;https://www.escolavirtual.gov.br/curso/525;39;Não
curso;833;https://www.escolavirtual.gov.br/curso/833;39;Não
curso;877;https://www.escolavirtual.gov.br/curso/877;39;Não
curso;824;https://www.escolavirtual.gov.br/curso/824;39;Não
curso;829;https://www.escolavirtual.gov.br/curso/829;40;Não
curso;825;https://www.escolavirtual.gov.br/curso/825;40;Não
curso;471;https://www.escolavirtual.gov.br/curso/471;40;Não
curso;875;https://www.escolavirtual.gov.br/curso/875;40;Não
curso;830;https://www.escolavirtual.gov.br/curso/830;40;Não
curso;834;https://www.escolavirtual.gov.br/curso/834;40;Não
curso;832;https://www.escolavirtual.gov.br/curso/832;40;Não
curso;856;https://www.escolavirtual.gov.br/curso/856;40;Não
curso;459;https://www.escolavirtual.gov.br/curso/459;40;Não
curso;538;https://www.escolavirtual.gov.br/curso/538;40;Não
curso;465;https://www.escolavirtual.gov.br/curso/465;40;Não
curso;867;https://www.escolavirtual.gov.br/curso/867;40;Não
curso;107;https://www.escolavirtual.gov.br/curso/107;41;Sim
curso;462;https://www.escolavirtual.gov.br/curso/462;41;Não
curso;866;https://www.escolavirtual.gov.br/curso/866;41;Não
curso;460;https://www.escolavirtual.gov.br/curso/460;41;Não
curso;865;https://www.escolavirtual.gov.br/curso/865;41;Não
curso;868;https://www.escolavirtual.gov.br/curso/868;41;Não
curso;464;https://www.escolavirtual.gov.br/curso/464;41;Não
curso;869;https://www.escolavirtual.gov.br/curso/869;41;Não
curso;864;https://www.escolavirtual.gov.br/curso/864;41;Não
curso;478;https://www.escolavirtual.gov.br/curso/478;41;Não
curso;860;https://www.escolavirtual.gov.br/curso/860;41;Não
curso;857;https://www.escolavirtual.gov.br/curso/857;41;Não
curso;858;https://www.escolavirtual.gov.br/curso/858;42;Não
curso;862;https://www.escolavirtual.gov.br/curso/862;42;Não
curso;859;https://www.escolavirtual.gov.br/curso/859;42;Não
curso;861;https://www.escolavirtual.gov.br/curso/861;42;Sim
curso;476;https://www.escolavirtual.gov.br/curso/476;42;Não
curso;467;https://www.escolavirtual.gov.br/curso/467;42;Não
curso;468;https://www.escolavirtual.gov.br/curso/468;42;Não
curso;535;https://www.escolavirtual.gov.br/curso/535;42;Não
curso;668;https://www.escolavirtual.gov.br/curso/668;42;Não
curso;531;https://www.escolavirtual.gov.br/curso/531;42;Não
curso;479;https://www.escolavirtual.gov.br/curso/479;42;Não
curso;489;https://www.escolavirtual.gov.br/curso/489;42;Não
curso;483;https://www.escolavirtual.gov.br/curso/483;43;Não
curso;484;https://www.escolavirtual.gov.br/curso/484;43;Não
curso;486;https://www.escolavirtual.gov.br/curso/486;43;Não
curso;492;https://www.escolavirtual.gov.br/curso/492;43;Não
curso;496;https://www.escolavirtual.gov.br/curso/496;43;Não
curso;855;https://www.escolavirtual.gov.br/curso/855;43;Não
curso;475;https://www.escolavirtual.gov.br/curso/475;43;Não
curso;482;https://www.escolavirtual.gov.br/curso/482;43;Não
curso;497;https://www.escolavirtual.gov.br/curso/497;43;Não
curso;533;https://www.escolavirtual.gov.br/curso/533;43;Não
curso;760;https://www.escolavirtual.gov.br/curso/760;43;Não
curso;854;https://www.escolavirtual.gov.br/curso/854;43;Não
curso;488;https://www.escolavirtual.gov.br/curso/488;44;Não
curso;845;https://www.escolavirtual.gov.br/curso/845;44;Não
curso;633;https://www.escolavirtual.gov.br/curso/633;44;Não
curso;841;https://www.escolavirtual.gov.br/curso/841;44;Não
curso;688;https://www.escolavirtual.gov.br/curso/688;44;Não
curso;491;https://www.escolavirtual.gov.br/curso/491;44;Não
curso;461;https://www.escolavirtual.gov.br/curso/461;44;Não
curso;842;https://www.escolavirtual.gov.br/curso/842;44;Não
curso;779;https://www.escolavirtual.gov.br/curso/779;44;Não
curso;836;https://www.escolavirtual.gov.br/curso/836;44;Não
curso;463;https://www.escolavirtual.gov.br/curso/463;44;Não
curso;795;https://www.escolavirtual.gov.br/curso/795;44;Não
curso;644;https://www.escolavirtual.gov.br/curso/644;45;Não
curso;435;https://www.escolavirtual.gov.br/curso/435;45;Não
curso;768;https://www.escolavirtual.gov.br/curso/768;45;Não
curso;643;https://www.escolavirtual.gov.br/curso/643;45;Não
curso;472;https://www.escolavirtual.gov.br/curso/472;45;Não
curso;477;https://www.escolavirtual.gov.br/curso/477;45;Não
curso;820;https://www.escolavirtual.gov.br/curso/820;45;Não
curso;821;https://www.escolavirtual.gov.br/curso/821;45;Não
curso;819;https://www.escolavirtual.gov.br/curso/819;45;Não
curso;769;https://www.escolavirtual.gov.br/curso/769;45;Não
curso;436;https://www.escolavirtual.gov.br/curso/436;45;Não
curso;691;https://www.escolavirtual.gov.br/curso/691;45;Não
curso;775;https://www.escolavirtual.gov.br/curso/775;46;Não
curso;470;https://www.escolavirtual.gov.br/curso/470;46;Não
curso;822;https://www.escolavirtual.gov.br/curso/822;46;Não
curso;500;https://www.escolavirtual.gov.br/curso/500;46;Não
curso;466;https://www.escolavirtual.gov.br/curso/466;46;Não
curso;817;https://www.escolavirtual.gov.br/curso/817;46;Não
curso;536;https://www.escolavirtual.gov.br/curso/536;46;Sim
curso;537;https://www.escolavirtual.gov.br/curso/537;46;Não
curso;473;https://www.escolavirtual.gov.br/curso/473;46;Não
curso;816;https://www.escolavirtual.gov.br/curso/816;46;Não
curso;818;https://www.escolavirtual.gov.br/curso/818;46;Não
curso;642;https://www.escolavirtual.gov.br/curso/642;46;Não
curso;792;https://www.escolavirtual.gov.br/curso/792;47;Não
curso;791;https://www.escolavirtual.gov.br/curso/791;47;Não
curso;790;https://www.escolavirtual.gov.br/curso/790;47;Não
curso;524;https://www.escolavirtual.gov.br/curso/524;47;Não
curso;757;https://www.escolavirtual.gov.br/curso/757;47;Não
curso;756;https://www.escolavirtual.gov.br/curso/756;47;Não
curso;784;https://www.escolavirtual.gov.br/curso/784;47;Não
curso;785;https://www.escolavirtual.gov.br/curso/785;47;Não
curso;787;https://www.escolavirtual.gov.br/curso/787;47;Sim
curso;777;https://www.escolavirtual.gov.br/curso/777;47;Não
curso;534;https://www.escolavirtual.gov.br/curso/534;47;Sim
curso;788;https://www.escolavirtual.gov.br/curso/788;47;Não
curso;782;https://www.escolavirtual.gov.br/curso/782;48;Não
curso;783;https://www.escolavirtual.gov.br/curso/783;48;Não
curso;764;https://www.escolavirtual.gov.br/curso/764;48;Não
curso;778;https://www.escolavirtual.gov.br/curso/778;48;Não
curso;765;https://www.escolavirtual.gov.br/curso/765;48;Não
curso;781;https://www.escolavirtual.gov.br/curso/781;48;Não
curso;780;https://www.escolavirtual.gov.br/curso/780;48;Não
curso;639;https://www.escolavirtual.gov.br/curso/639;48;Não
curso;766;https://www.escolavirtual.gov.br/curso/766;48;Não
curso;679;https://www.escolavirtual.gov.br/curso/679;48;Não
curso;695;https://www.escolavirtual.gov.br/curso/695;48;Não
curso;671;https://www.escolavirtual.gov.br/curso/671;48;Não
curso;767;https://www.escolavirtual.gov.br/curso/767;49;Não
curso;718;https://www.escolavirtual.gov.br/curso/718;49;Não
curso;712;https://www.escolavirtual.gov.br/curso/712;49;Não
curso;761;https://www.escolavirtual.gov.br/curso/761;49;Não
curso;763;https://www.escolavirtual.gov.br/curso/763;49;Não
curso;685;https://www.escolavirtual.gov.br/curso/685;49;Não
curso;723;https://www.escolavirtual.gov.br/curso/723;49;Não
curso;394;https://www.escolavirtual.gov.br/curso/394;49;Não
curso;441;https://www.escolavirtual.gov.br/curso/441;49;Não
curso;751;https://www.escolavirtual.gov.br/curso/751;49;Não
curso;752;https://www.escolavirtual.gov.br/curso/752;49;Não
curso;716;https://www.escolavirtual.gov.br/curso/716;49;Não
curso;754;https://www.escolavirtual.gov.br/curso/754;50;Não
curso;755;https://www.escolavirtual.gov.br/curso/755;50;Não
curso;753;https://www.escolavirtual.gov.br/curso/753;50;Não
curso;440;https://www.escolavirtual.gov.br/curso/440;50;Não
curso;502;https://www.escolavirtual.gov.br/curso/502;50;Não
curso;717;https://www.escolavirtual.gov.br/curso/717;50;Não
curso;725;https://www.escolavirtual.gov.br/curso/725;50;Não
curso;501;https://www.escolavirtual.gov.br/curso/501;50;Não
curso;503;https://www.escolavirtual.gov.br/curso/503;50;Não
curso;675;https://www.escolavirtual.gov.br/curso/675;50;Não
curso;480;https://www.escolavirtual.gov.br/curso/480;50;Não
curso;495;https://www.escolavirtual.gov.br/curso/495;50;Não
curso;719;https://www.escolavirtual.gov.br/curso/719;51;Não
curso;720;https://www.escolavirtual.gov.br/curso/720;51;Não
curso;722;https://www.escolavirtual.gov.br/curso/722;51;Não
curso;434;https://www.escolavirtual.gov.br/curso/434;51;Não
curso;678;https://www.escolavirtual.gov.br/curso/678;51;Não
curso;638;https://www.escolavirtual.gov.br/curso/638;51;Não
curso;672;https://www.escolavirtual.gov.br/curso/672;51;Não
curso;641;https://www.escolavirtual.gov.br/curso/641;51;Não
curso;521;https://www.escolavirtual.gov.br/curso/521;51;Não
curso;673;https://www.escolavirtual.gov.br/curso/673;51;Não
curso;724;https://www.escolavirtual.gov.br/curso/724;51;Sim
curso;490;https://www.escolavirtual.gov.br/curso/490;51;Não
curso;528;https://www.escolavirtual.gov.br/curso/528;52;Não
curso;485;https://www.escolavirtual.gov.br/curso/485;52;Não
curso;431;https://www.escolavirtual.gov.br/curso/431;52;Não
curso;674;https://www.escolavirtual.gov.br/curso/674;52;Não
curso;487;https://www.escolavirtual.gov.br/curso/487;52;Não
curso;481;https://www.escolavirtual.gov.br/curso/481;52;Não
curso;493;https://www.escolavirtual.gov.br/curso/493;52;Não
curso;494;https://www.escolavirtual.gov.br/curso/494;52;Não
curso;499;https://www.escolavirtual.gov.br/curso/499;52;Não
curso;715;https://www.escolavirtual.gov.br/curso/715;52;Não
curso;681;https://www.escolavirtual.gov.br/curso/681;52;Não
curso;680;https://www.escolavirtual.gov.br/curso/680;52;Não
curso;625;https://www.escolavirtual.gov.br/curso/625;53;Não
curso;623;https://www.escolavirtual.gov.br/curso/623;53;Não
curso;624;https://www.escolavirtual.gov.br/curso/624;53;Não
curso;615;https://www.escolavirtual.gov.br/curso/615;53;Não
curso;714;https://www.escolavirtual.gov.br/curso/714;53;Não
curso;637;https://www.escolavirtual.gov.br/curso/637;53;Não
curso;713;https://www.escolavirtual.gov.br/curso/713;53;Não
curso;437;https://www.escolavirtual.gov.br/curso/437;53;Não
curso;677;https://www.escolavirtual.gov.br/curso/677;53;Não
curso;606;https://www.escolavirtual.gov.br/curso/606;53;Não
curso;698;https://www.escolavirtual.gov.br/curso/698;53;Não
curso;429;https://www.escolavirtual.gov.br/curso/429;53;Não
curso;676;https://www.escolavirtual.gov.br/curso/676;54;Não
curso;707;https://www.escolavirtual.gov.br/curso/707;54;Não
curso;700;https://www.escolavirtual.gov.br/curso/700;54;Não
curso;701;https://www.escolavirtual.gov.br/curso/701;54;Não
curso;708;https://www.escolavirtual.gov.br/curso/708;54;Não
curso;709;https://www.escolavirtual.gov.br/curso/709;54;Não
curso;706;https://www.escolavirtual.gov.br/curso/706;54;Não
curso;438;https://www.escolavirtual.gov.br/curso/438;54;Não
curso;703;https://www.escolavirtual.gov.br/curso/703;54;Não
curso;604;https://www.escolavirtual.gov.br/curso/604;54;Não
curso;702;https://www.escolavirtual.gov.br/curso/702;54;Não
curso;631;https://www.escolavirtual.gov.br/curso/631;54;Não
curso;628;https://www.escolavirtual.gov.br/curso/628;55;Não
curso;424;https://www.escolavirtual.gov.br/curso/424;55;Não
curso;430;https://www.escolavirtual.gov.br/curso/430;55;Não
curso;630;https://www.escolavirtual.gov.br/curso/630;55;Não
curso;697;https://www.escolavirtual.gov.br/curso/697;55;Não
curso;696;https://www.escolavirtual.gov.br/curso/696;55;Não
curso;629;https://www.escolavirtual.gov.br/curso/629;55;Sim
curso;626;https://www.escolavirtual.gov.br/curso/626;55;Não
curso;627;https://www.escolavirtual.gov.br/curso/627;55;Não
curso;609;https://www.escolavirtual.gov.br/curso/609;55;Não
curso;600;https://www.escolavirtual.gov.br/curso/600;55;Não
curso;561;https://www.escolavirtual.gov.br/curso/561;55;Não
curso;422;https://www.escolavirtual.gov.br/curso/422;56;Não
curso;603;https://www.escolavirtual.gov.br/curso/603;56;Não
curso;552;https://www.escolavirtual.gov.br/curso/552;56;Não
curso;547;https://www.escolavirtual.gov.br/curso/547;56;Não
curso;560;https://www.escolavirtual.gov.br/curso/560;56;Não
curso;598;https://www.escolavirtual.gov.br/curso/598;56;Não
curso;599;https://www.escolavirtual.gov.br/curso/599;56;Não
curso;596;https://www.escolavirtual.gov.br/curso/596;56;Não
curso;563;https://www.escolavirtual.gov.br/curso/563;56;Não
curso;601;https://www.escolavirtual.gov.br/curso/601;56;Não
curso;597;https://www.escolavirtual.gov.br/curso/597;56;Não
curso;551;https://www.escolavirtual.gov.br/curso/551;56;Não
curso;559;https://www.escolavirtual.gov.br/curso/559;57;Não
curso;548;https://www.escolavirtual.gov.br/curso/548;57;Não
curso;549;https://www.escolavirtual.gov.br/curso/549;57;Não
curso;553;https://www.escolavirtual.gov.br/curso/553;57;Não
curso;545;https://www.escolavirtual.gov.br/curso/545;57;Não
curso;519;https://www.escolavirtual.gov.br/curso/519;57;Não
curso;509;https://www.escolavirtual.gov.br/curso/509;57;Não
curso;542;https://www.escolavirtual.gov.br/curso/542;57;Não
curso;514;https://www.escolavirtual.gov.br/curso/514;57;Não
curso;512;https://www.escolavirtual.gov.br/curso/512;57;Não
curso;446;https://www.escolavirtual.gov.br/curso/446;57;Não
curso;510;https://www.escolavirtual.gov.br/curso/510;57;Não
curso;517;https://www.escolavirtual.gov.br/curso/517;58;Não
curso;447;https://www.escolavirtual.gov.br/curso/447;58;Não
curso;518;https://www.escolavirtual.gov.br/curso/518;58;Não
curso;418;https://www.escolavirtual.gov.br/curso/418;58;Não
curso;405;https://www.escolavirtual.gov.br/curso/405;58;Não
curso;414;https://www.escolavirtual.gov.br/curso/414;58;Não
curso;423;https://www.escolavirtual.gov.br/curso/423;58;Não
curso;516;https://www.escolavirtual.gov.br/curso/516;58;Não
curso;415;https://www.escolavirtual.gov.br/curso/415;58;Não
curso;511;https://www.escolavirtual.gov.br/curso/511;58;Não
curso;513;https://www.escolavirtual.gov.br/curso/513;58;Não
curso;448;https://www.escolavirtual.gov.br/curso/448;58;Não
curso;416;https://www.escolavirtual.gov.br/curso/416;59;Não
curso;406;https://www.escolavirtual.gov.br/curso/406;59;Sim
curso;508;https://www.escolavirtual.gov.br/curso/508;59;Não
curso;507;https://www.escolavirtual.gov.br/curso/507;59;Não
curso;412;https://www.escolavirtual.gov.br/curso/412;59;Não
curso;407;https://www.escolavirtual.gov.br/curso/407;59;Não
curso;410;https://www.escolavirtual.gov.br/curso/410;59;Não
curso;506;https://www.escolavirtual.gov.br/curso/506;59;Não
curso;419;https://www.escolavirtual.gov.br/curso/419;59;Sim
curso;391;https://www.escolavirtual.gov.br/curso/391;59;Não
curso;397;https://www.escolavirtual.gov.br/curso/397;59;Não
curso;504;https://www.escolavirtual.gov.br/curso/504;59;Não
curso;408;https://www.escolavirtual.gov.br/curso/408;60;Não
curso;404;https://www.escolavirtual.gov.br/curso/404;60;Não
curso;505;https://www.escolavirtual.gov.br/curso/505;60;Não
curso;409;https://www.escolavirtual.gov.br/curso/409;60;Não
curso;392;https://www.escolavirtual.gov.br/curso/392;60;Não
curso;395;https://www.escolavirtual.gov.br/curso/395;60;Não
curso;378;https://www.escolavirtual.gov.br/curso/378;60;Não
curso;270;https://www.escolavirtual.gov.br/curso/270;60;Sim
curso;393;https://www.escolavirtual.gov.br/curso/393;60;Não
curso;370;https://www.escolavirtual.gov.br/curso/370;60;Não
curso;396;https://www.escolavirtual.gov.br/curso/396;60;Não
curso;390;https://www.escolavirtual.gov.br/curso/390;60;Não
curso;387;https://www.escolavirtual.gov.br/curso/387;61;Não
curso;386;https://www.escolavirtual.gov.br/curso/386;61;Não
curso;389;https://www.escolavirtual.gov.br/curso/389;61;Não
curso;379;https://www.escolavirtual.gov.br/curso/379;61;Não
curso;381;https://www.escolavirtual.gov.br/curso/381;61;Não
curso;380;https://www.escolavirtual.gov.br/curso/380;61;Não
curso;385;https://www.escolavirtual.gov.br/curso/385;61;Não
curso;382;https://www.escolavirtual.gov.br/curso/382;61;Não
curso;383;https://www.escolavirtual.gov.br/curso/383;61;Não
curso;375;https://www.escolavirtual.gov.br/curso/375;61;Não
curso;367;https://www.escolavirtual.gov.br/curso/367;61;Sim
curso;376;https://www.escolavirtual.gov.br/curso/376;61;Não
curso;366;https://www.escolavirtual.gov.br/curso/366;62;Não
curso;371;https://www.escolavirtual.gov.br/curso/371;62;Não
curso;372;https://www.escolavirtual.gov.br/curso/372;62;Não
curso;377;https://www.escolavirtual.gov.br/curso/377;62;Sim
curso;374;https://www.escolavirtual.gov.br/curso/374;62;Não
curso;364;https://www.escolavirtual.gov.br/curso/364;62;Não
curso;373;https://www.escolavirtual.gov.br/curso/373;62;Sim
curso;348;https://www.escolavirtual.gov.br/curso/348;62;Não
curso;369;https://www.escolavirtual.gov.br/curso/369;62;Não
curso;365;https://www.escolavirtual.gov.br/curso/365;62;Não
curso;368;https://www.escolavirtual.gov.br/curso/368;62;Não
curso;356;https://www.escolavirtual.gov.br/curso/356;62;Não
curso;345;https://www.escolavirtual.gov.br/curso/345;63;Não
curso;362;https://www.escolavirtual.gov.br/curso/362;63;Não
curso;359;https://www.escolavirtual.gov.br/curso/359;63;Não
curso;349;https://www.escolavirtual.gov.br/curso/349;63;Não
curso;350;https://www.escolavirtual.gov.br/curso/350;63;Não
curso;360;https://www.escolavirtual.gov.br/curso/360;63;Não
curso;357;https://www.escolavirtual.gov.br/curso/357;63;Não
curso;273;https://www.escolavirtual.gov.br/curso/273;63;Não
curso;347;https://www.escolavirtual.gov.br/curso/347;63;Não
curso;342;https://www.escolavirtual.gov.br/curso/342;63;Não
curso;346;https://www.escolavirtual.gov.br/curso/346;63;Não
curso;343;https://www.escolavirtual.gov.br/curso/343;63;Sim
curso;339;https://www.escolavirtual.gov.br/curso/339;64;Não
curso;331;https://www.escolavirtual.gov.br/curso/331;64;Não
curso;335;https://www.escolavirtual.gov.br/curso/335;64;Não
curso;338;https://www.escolavirtual.gov.br/curso/338;64;Não
curso;336;https://www.escolavirtual.gov.br/curso/336;64;Não
curso;337;https://www.escolavirtual.gov.br/curso/337;64;Não
curso;341;https://www.escolavirtual.gov.br/curso/341;64;Não
curso;320;https://www.escolavirtual.gov.br/curso/320;64;Não
curso;325;https://www.escolavirtual.gov.br/curso/325;64;Não
curso;333;https://www.escolavirtual.gov.br/curso/333;64;Não
curso;274;https://www.escolavirtual.gov.br/curso/274;64;Não
curso;318;https://www.escolavirtual.gov.br/curso/318;64;Não
curso;216;https://www.escolavirtual.gov.br/curso/216;65;Não
curso;323;https://www.escolavirtual.gov.br/curso/323;65;Não
curso;330;https://www.escolavirtual.gov.br/curso/330;65;Não
curso;322;https://www.escolavirtual.gov.br/curso/322;65;Não
curso;329;https://www.escolavirtual.gov.br/curso/329;65;Não
curso;326;https://www.escolavirtual.gov.br/curso/326;65;Não
curso;306;https://www.escolavirtual.gov.br/curso/306;65;Não
curso;316;https://www.escolavirtual.gov.br/curso/316;65;Não
curso;332;https://www.escolavirtual.gov.br/curso/332;65;Não
curso;317;https://www.escolavirtual.gov.br/curso/317;65;Não
curso;314;https://www.escolavirtual.gov.br/curso/314;65;Não
curso;319;https://www.escolavirtual.gov.br/curso/319;65;Não
curso;315;https://www.escolavirtual.gov.br/curso/315;66;Não
curso;312;https://www.escolavirtual.gov.br/curso/312;66;Não
curso;313;https://www.escolavirtual.gov.br/curso/313;66;Não
curso;243;https://www.escolavirtual.gov.br/curso/243;66;Não
curso;308;https://www.escolavirtual.gov.br/curso/308;66;Não
curso;311;https://www.escolavirtual.gov.br/curso/311;66;Não
curso;297;https://www.escolavirtual.gov.br/curso/297;66;Não
curso;275;https://www.escolavirtual.gov.br/curso/275;66;Não
curso;302;https://www.escolavirtual.gov.br/curso/302;66;Não
curso;232;https://www.escolavirtual.gov.br/curso/232;66;Não
curso;304;https://www.escolavirtual.gov.br/curso/304;66;Não
curso;301;https://www.escolavirtual.gov.br/curso/301;66;Não
curso;303;https://www.escolavirtual.gov.br/curso/303;67;Não
curso;266;https://www.escolavirtual.gov.br/curso/266;67;Não
curso;296;https://www.escolavirtual.gov.br/curso/296;67;Não
curso;299;https://www.escolavirtual.gov.br/curso/299;67;Não
curso;300;https://www.escolavirtual.gov.br/curso/300;67;Não
curso;293;https://www.escolavirtual.gov.br/curso/293;67;Não
curso;271;https://www.escolavirtual.gov.br/curso/271;67;Não
curso;277;https://www.escolavirtual.gov.br/curso/277;67;Não
curso;290;https://www.escolavirtual.gov.br/curso/290;67;Sim
curso;265;https://www.escolavirtual.gov.br/curso/265;67;Não
curso;191;https://www.escolavirtual.gov.br/curso/191;67;Não
curso;287;https://www.escolavirtual.gov.br/curso/287;67;Não
curso;286;https://www.escolavirtual.gov.br/curso/286;68;Não
curso;280;https://www.escolavirtual.gov.br/curso/280;68;Não
curso;278;https://www.escolavirtual.gov.br/curso/278;68;Não
curso;281;https://www.escolavirtual.gov.br/curso/281;68;Não
curso;175;https://www.escolavirtual.gov.br/curso/175;68;Não
curso;284;https://www.escolavirtual.gov.br/curso/284;68;Não
curso;283;https://www.escolavirtual.gov.br/curso/283;68;Não
curso;267;https://www.escolavirtual.gov.br/curso/267;68;Não
curso;276;https://www.escolavirtual.gov.br/curso/276;68;Não
curso;209;https://www.escolavirtual.gov.br/curso/209;68;Não
curso;268;https://www.escolavirtual.gov.br/curso/268;68;Não
curso;269;https://www.escolavirtual.gov.br/curso/269;68;Não
curso;241;https://www.escolavirtual.gov.br/curso/241;69;Não
curso;212;https://www.escolavirtual.gov.br/curso/212;69;Não
curso;260;https://www.escolavirtual.gov.br/curso/260;69;Não
curso;261;https://www.escolavirtual.gov.br/curso/261;69;Não
curso;242;https://www.escolavirtual.gov.br/curso/242;69;Não
curso;170;https://www.escolavirtual.gov.br/curso/170;69;Não
curso;249;https://www.escolavirtual.gov.br/curso/249;69;Não
curso;259;https://www.escolavirtual.gov.br/curso/259;69;Não
curso;258;https://www.escolavirtual.gov.br/curso/258;69;Não
curso;247;https://www.escolavirtual.gov.br/curso/247;69;Não
curso;257;https://www.escolavirtual.gov.br/curso/257;69;Não
curso;245;https://www.escolavirtual.gov.br/curso/245;69;Não
curso;251;https://www.escolavirtual.gov.br/curso/251;70;Não
curso;183;https://www.escolavirtual.gov.br/curso/183;70;Não
curso;254;https://www.escolavirtual.gov.br/curso/254;70;Não
curso;252;https://www.escolavirtual.gov.br/curso/252;70;Não
curso;250;https://www.escolavirtual.gov.br/curso/250;70;Não
curso;201;https://www.escolavirtual.gov.br/curso/201;70;Não
curso;244;https://www.escolavirtual.gov.br/curso/244;70;Não
curso;197;https://www.escolavirtual.gov.br/curso/197;70;Não
curso;237;https://www.escolavirtual.gov.br/curso/237;70;Não
curso;236;https://www.escolavirtual.gov.br/curso/236;70;Não
curso;231;https://www.escolavirtual.gov.br/curso/231;70;Não
curso;235;https://www.escolavirtual.gov.br/curso/235;70;Não
curso;234;https://www.escolavirtual.gov.br/curso/234;71;Não
curso;230;https://www.escolavirtual.gov.br/curso/230;71;Não
curso;172;https://www.escolavirtual.gov.br/curso/172;71;Não
curso;184;https://www.escolavirtual.gov.br/curso/184;71;Não
curso;233;https://www.escolavirtual.gov.br/curso/233;71;Não
curso;122;https://www.escolavirtual.gov.br/curso/122;71;Não
curso;228;https://www.escolavirtual.gov.br/curso/228;71;Não
curso;202;https://www.escolavirtual.gov.br/curso/202;71;Não
curso;227;https://www.escolavirtual.gov.br/curso/227;71;Não
curso;225;https://www.escolavirtual.gov.br/curso/225;71;Não
curso;206;https://www.escolavirtual.gov.br/curso/206;71;Não
curso;223;https://www.escolavirtual.gov.br/curso/223;71;Não
curso;219;https://www.escolavirtual.gov.br/curso/219;72;Não
curso;196;https://www.escolavirtual.gov.br/curso/196;72;Não
curso;218;https://www.escolavirtual.gov.br/curso/218;72;Não
curso;217;https://www.escolavirtual.gov.br/curso/217;72;Não
curso;214;https://www.escolavirtual.gov.br/curso/214;72;Não
curso;198;https://www.escolavirtual.gov.br/curso/198;72;Não
curso;200;https://www.escolavirtual.gov.br/curso/200;72;Não
curso;153;https://www.escolavirtual.gov.br/curso/153;72;Sim
curso;125;https://www.escolavirtual.gov.br/curso/125;72;Não
curso;210;https://www.escolavirtual.gov.br/curso/210;72;Não
curso;124;https://www.escolavirtual.gov.br/curso/124;72;Não
curso;163;https://www.escolavirtual.gov.br/curso/163;72;Não
curso;142;https://www.escolavirtual.gov.br/curso/142;73;Não
curso;149;https://www.escolavirtual.gov.br/curso/149;73;Não
curso;140;https://www.escolavirtual.gov.br/curso/140;73;Não
curso;141;https://www.escolavirtual.gov.br/curso/141;73;Não
curso;123;https://www.escolavirtual.gov.br/curso/123;73;Não
curso;132;https://www.escolavirtual.gov.br/curso/132;73;Não
curso;130;https://www.escolavirtual.gov.br/curso/130;73;Não
curso;129;https://www.escolavirtual.gov.br/curso/129;73;Não
curso;12;https://www.escolavirtual.gov.br/curso/12;73;Não
curso;118;https://www.escolavirtual.gov.br/curso/118;73;Não
curso;98;https://www.escolavirtual.gov.br/curso/98;73;Não
curso;117;https://www.escolavirtual.gov.br/curso/117;73;Não
curso;116;https://www.escolavirtual.gov.br/curso/116;74;Não
curso;114;https://www.escolavirtual.gov.br/curso/114;74;Não
curso;120;https://www.escolavirtual.gov.br/curso/120;74;Não
curso;76;https://www.escolavirtual.gov.br/curso/76;74;Não
curso;86;https://www.escolavirtual.gov.br/curso/86;74;Não
curso;119;https://www.escolavirtual.gov.br/curso/119;74;Não
curso;115;https://www.escolavirtual.gov.br/curso/115;74;Não
curso;113;https://www.escolavirtual.gov.br/curso/113;74;Não
curso;11;https://www.escolavirtual.gov.br/curso/11;74;Não
curso;74;https://www.escolavirtual.gov.br/curso/74;74;Não
curso;97;https://www.escolavirtual.gov.br/curso/97;74;Não
curso;10;https://www.escolavirtual.gov.br/curso/10;74;Não
curso;73;https://www.escolavirtual.gov.br/curso/73;75;Não
curso;41;https://www.escolavirtual.gov.br/curso/41;75;Não
curso;42;https://www.escolavirtual.gov.br/curso/42;75;Não
curso;8;https://www.escolavirtual.gov.br/curso/8;75;Não
curso;103;https://www.escolavirtual.gov.br/curso/103;75;Não
curso;104;https://www.escolavirtual.gov.br/curso/104;75;Não
curso;72;https://www.escolavirtual.gov.br/curso/72;75;Não
curso;96;https://www.escolavirtual.gov.br/curso/96;75;Não
curso;95;https://www.escolavirtual.gov.br/curso/95;75;Não
curso;49;https://www.escolavirtual.gov.br/curso/49;75;Não
curso;48;https://www.escolavirtual.gov.br/curso/48;75;Não
curso;47;https://www.escolavirtual.gov.br/curso/47;75;Não
curso;93;https://www.escolavirtual.gov.br/curso/93;76;Não
curso;92;https://www.escolavirtual.gov.br/curso/92;76;Não
curso;91;https://www.escolavirtual.gov.br/curso/91;76;Não
curso;4;https://www.escolavirtual.gov.br/curso/4;76;Não
